{
    "TimeRange.always(), [], StorageState.Any, 100, ResultType.MostPopularActor": {
        "find_events": 0.1846622200000001, 
        "get_events_time": 0.0038136999999999997, 
        "find_ids_time": 0.20167999267578124, 
        "overall": 0.18847592, 
        "marsh_time": 0.00286044
    }, 
    "__metadata__": {
        "name": "lp:zeitgeist-memory"
    }, 
    "TimeRange.always(), [], StorageState.Any, 100, ResultType.MostRecentMimeType": {
        "find_events": 0.18125415999999997, 
        "get_events_time": 0.0037675800000000004, 
        "find_ids_time": 0.19801628112792968, 
        "overall": 0.18502174, 
        "marsh_time": 0.0028360200000000003
    }, 
    "TimeRange.always(), [], StorageState.Any, 100, ResultType.MostRecentEvents": {
        "find_events": 0.22450478000000004, 
        "get_events_time": 0.003636660000000001, 
        "find_ids_time": 0.24092146396636963, 
        "overall": 0.22814144, 
        "marsh_time": 0.0028534200000000006
    }, 
    "TimeRange.always(), [], StorageState.Any, 100, ResultType.MostPopularMimeType": {
        "find_events": 0.18577652, 
        "get_events_time": 0.0038717200000000004, 
        "find_ids_time": 0.20267923831939696, 
        "overall": 0.18964824000000002, 
        "marsh_time": 0.00290134
    }, 
    "TimeRange.always(), [], StorageState.Any, 100, ResultType.MostPopularSubjects": {
        "find_events": 0.31522891999999997, 
        "get_events_time": 0.004730179999999998, 
        "find_ids_time": 0.33615870475769044, 
        "overall": 0.31995909999999994, 
        "marsh_time": 0.0036437199999999996
    }, 
    "TimeRange.always(), [], StorageState.Any, 100, ResultType.MostPopularSubjectInterpretation": {
        "find_events": 0.19031057999999998, 
        "get_events_time": 0.0011861600000000001, 
        "find_ids_time": 0.1958630323410034, 
        "overall": 0.19149674, 
        "marsh_time": 0.0007032400000000003
    }, 
    "TimeRange.always(), [], StorageState.Any, 100, ResultType.MostRecentSubjects": {
        "find_events": 0.30441516, 
        "get_events_time": 0.004497760000000001, 
        "find_ids_time": 0.3248697566986084, 
        "overall": 0.30891292, 
        "marsh_time": 0.0035954999999999993
    }, 
    "TimeRange.always(), [], StorageState.Any, 100, ResultType.MostRecentActor": {
        "find_events": 0.17844293999999997, 
        "get_events_time": 0.0037379200000000005, 
        "find_ids_time": 0.1951742935180664, 
        "overall": 0.18218086, 
        "marsh_time": 0.00282154
    }, 
    "TimeRange.always(), [], StorageState.Any, 100, ResultType.MostRecentSubjectInterpretation": {
        "find_events": 0.22029188000000008, 
        "get_events_time": 0.0013980600000000002, 
        "find_ids_time": 0.2268238639831543, 
        "overall": 0.22168994, 
        "marsh_time": 0.0008562600000000004
    }
}