{
    "TimeRange.always(), [], StorageState.Any, 100, ResultType.MostPopularActor": {
        "find_events": 0.18468548, 
        "get_events_time": 0.0036406999999999993, 
        "find_ids_time": 0.1999027967453003, 
        "overall": 0.19031572, 
        "marsh_time": 0.00198954
    }, 
    "__metadata__": {
        "name": "lp:zeitgeist"
    }, 
    "TimeRange.always(), [], StorageState.Any, 100, ResultType.MostRecentMimeType": {
        "find_events": 0.24061812000000007, 
        "get_events_time": 0.004851439999999999, 
        "find_ids_time": 0.26048434734344483, 
        "overall": 0.24815498000000008, 
        "marsh_time": 0.00268542
    }, 
    "TimeRange.always(), [], StorageState.Any, 100, ResultType.MostRecentEvents": {
        "find_events": 0.22520402, 
        "get_events_time": 0.0035227599999999998, 
        "find_ids_time": 0.24481987476348877, 
        "overall": 0.23074491999999996, 
        "marsh_time": 0.00201814
    }, 
    "TimeRange.always(), [], StorageState.Any, 100, ResultType.MostPopularMimeType": {
        "find_events": 0.18227677999999994, 
        "get_events_time": 0.00370286, 
        "find_ids_time": 0.19794647693634032, 
        "overall": 0.18799147999999996, 
        "marsh_time": 0.00201184
    }, 
    "TimeRange.always(), [], StorageState.Any, 100, ResultType.MostPopularSubjects": {
        "find_events": 0.25038046, 
        "get_events_time": 0.00368694, 
        "find_ids_time": 0.2657345771789551, 
        "overall": 0.25607208000000004, 
        "marsh_time": 0.00200468
    }, 
    "TimeRange.always(), [], StorageState.Any, 100, ResultType.MostPopularSubjectInterpretation": {
        "find_events": 0.1669545, 
        "get_events_time": 0.0010883600000000002, 
        "find_ids_time": 0.17183988571166992, 
        "overall": 0.16851842000000006, 
        "marsh_time": 0.00047555999999999987
    }, 
    "TimeRange.always(), [], StorageState.Any, 100, ResultType.MostRecentSubjects": {
        "find_events": 0.2365201399999999, 
        "get_events_time": 0.003541620000000001, 
        "find_ids_time": 0.25139119625091555, 
        "overall": 0.24203851999999998, 
        "marsh_time": 0.0019767599999999997
    }, 
    "TimeRange.always(), [], StorageState.Any, 100, ResultType.MostRecentActor": {
        "find_events": 0.18014862000000004, 
        "get_events_time": 0.00369312, 
        "find_ids_time": 0.19580111026763916, 
        "overall": 0.18583920000000007, 
        "marsh_time": 0.0019974599999999995
    }, 
    "TimeRange.always(), [], StorageState.Any, 100, ResultType.MostRecentSubjectInterpretation": {
        "find_events": 0.16435113999999998, 
        "get_events_time": 0.0010964800000000006, 
        "find_ids_time": 0.16919457912445068, 
        "overall": 0.16591594, 
        "marsh_time": 0.00046832
    }
}